№ п/п;№ ЖДЦ;ТИП;Грузоподъёмность ;№ акта;Дата браковки;Причина;Собственник
1;50394071;62;60;158;28.02.2023;Выбита спиральная пружина, раковина боковой рамы;"АО ""НТС"""
2;73994444;92;66;158;28.02.2023;Выбита спиральная пружина;"АО ""НТС"""
3;58274663;90;66;159;28.02.2023;Прикрытие;"АО ""НТС"""
4;51372548;72;65;159;28.02.2023;Прикрытие;"АО ""НТС"""
5;53884003;90;66;159;28.02.2023;Акт под БГС;"АО ""НТС"""
6;50753201;66;68;159;28.02.2023;Раковина боковой рамы;"АО ""НТС"""
7;75133553;106;66;160;01.03.2023;Прикрытие;"АО ""НТС"""
8;73071318;90;66;160;01.03.2023;Прикрытие;"АО ""НТС"""
9;57202897;90;66;161;01.03.2023;Прикрытие;"АО ""НТС"""
10;73908881;92;66;161;01.03.2023;Прикрытие;"АО ""НТС"""
11;75049825;66;66;161;01.03.2023;прокачка;"АО ""НТС"""
12;50481365;90;66;162;01.03.2023;Прикрытие;"АО ""НТС"""
13;51249597;62;66;162;01.03.2023;Прикрытие;"АО ""НТС"""
14;75113886;106;66;162;01.03.2023;Тонкий гребень;"АО ""НТС"""
15;50561331;66;68;163;02.03.2023;Прикрытие;?
16;51839983;92;66;163;02.03.2023;Прикрытие;"АО ""НТС"""
17;53979548;72;66;164;02.03.2023;Прикрытие;"АО ""НТС"""
18;50064146;66;66;164;02.03.2023;Прикрытие;"АО ""НТС"""
19;50054865;66;66;164;02.03.2023;Раковина боковой рамы;"АО ""НТС"""
20;57147233;90;66;164;02.03.2023;Тонкий гребень;"АО ""НТС"""
21;58644337;90;66;165;02.03.2023;Прикрытие;"АО ""НТС"""
22;73328486;90;66;165;02.03.2023;Прикрытие;"АО ""НТС"""
23;55055719;106;66;166;03.03.2023;Прикрытие;"АО ""НТС"""
24;51411940;66;65;166;03.03.2023;Прикрытие;"АО ""НТС"""
25;73978645;66;66;166;03.03.2023;Тонкий гребень;"АО ""НТС"""
26;55303507;66;66;166;03.03.2023;Тонкий гребень;"АО ""НТС"""
27;74984956;106;66;167;03.03.2023;Прикрытие;"АО ""НТС"""
28;51818631;66;66;167;03.03.2023;Прикрытие;"АО ""НТС"""
29;73963589;92;66;168;04.03.2023;Прикрытие;"АО ""НТС"""
30;75102210;92;66;168;04.03.2023;Прикрытие;"АО ""НТС"""
31;51483527;72;66;168;04.03.2023;брак по стояку (слетел трос);"АО ""НТС"""
32;55052450;90;66;169;04.03.2023;Прикрытие;"АО ""НТС"""
33;58641705;106;66;169;04.03.2023;Прикрытие;"АО ""НТС"""
34;55561989;106;66;169;04.03.2023;Раковина боковой рамы;"АО ""НТС"""
35;50049444;62;60;170;04.03.2023;Прикрытие;РН-Транс
36;57099731;90;66;170;04.03.2023;Прикрытие;"АО ""НТС"""
37;73978553;66;66;170;04.03.2023;брак по стояку (слетел трос);"АО ""НТС"""
38;75050005;66;66;171;05.03.2023;Прикрытие;"АО ""НТС"""
39;57156085;90;66;171;05.03.2023;Прикрытие;"АО ""НТС"""
40;73971681;66;66;171;05.03.2023;Тонкий гребень;"АО ""НТС"""
41;57410516;106;66;172;05.03.2023;Прикрытие;"АО ""НТС"""
42;75062588;106;66;172;05.03.2023;Прикрытие;"АО ""НТС"""
43;75050005;66;66;173;05.03.2023;Прикрытие;"АО ""НТС"""
44;57156085;90;66;173;05.03.2023;Прикрытие;"АО ""НТС"""
45;51456408;66;65;173;05.03.2023;В ремонт;"АО ""НТС"""
46;58644162;90;66;174;06.03.2023;Прикрытие;"АО ""НТС"""
47;73908808;106;66;174;06.03.2023;Прикрытие;"АО ""НТС"""
48;75046342;66;66;174;06.03.2023;выбита спиральная пружина;"АО ""НТС"""
49;51021004;70;66;174;06.03.2023;выбита спиральная пружина;"АО ""НТС"""
50;50582535;62;60;174;06.03.2023;прокачка;РН-Транс
51;51580702;72;65;175;06.03.2023;Прикрытие(идёт в ремонт);РН-Транс
52;51031383;62;68,5;175;06.03.2023;Прикрытие;РН-Транс
53;50049444;62;60;175;06.03.2023;отсутствие сведений о ремонте;РН-Транс
54;57181133;106;66;176;07.03.2023;Прикрытие;"АО ""НТС"""
55;75071415;106;66;176;07.03.2023;Прикрытие;"АО ""НТС"""
56;75038554;66;66;177;07.03.2023;Прикрытие;"АО ""НТС"""
57;57096703;90;66;177;07.03.2023;Прикрытие;"АО ""НТС"""
58;74918954;66;66;177;07.03.2023;выбита спиральная пружина;"АО ""НТС"""
59;57119737;106;66;178;07.03.2023;Прикрытие;
60;51872067;66;66;178;07.03.2023;Прикрытие;
61;50563634;66;66;179;08.03.2023;Прикрытие;
62;51703528;72;66;179;08.03.2023;Прикрытие;"АО ""НТС"""
63;73924441;66;66;179;08.03.2023;трещина запасного рез-ра;"АО ""НТС"""
64;57440562;66;66;180;08.03.2023;Прикрытие;
65;51526408;62;66;180;08.03.2023;Прикрытие;"АО ""НТС"""
66;50049444;62;60;180;08.03.2023;отсутствие сведений о ремонте;РН-Транс
67;54252598;106;66;180;08.03.2023;Не обработан под налив;"АО ""НТС"""
68;54691464;90;66;181;09.03.2023;Прикрытие;"АО ""НТС"""
69;73204083;90;66;181;09.03.2023;Прикрытие;"АО ""НТС"""
70;73039372;62;66;182;09.03.2023;Прикрытие;"АО ""НТС"""
71;75115238;101;68;182;09.03.2023;Прикрытие;"АО ""НТС"""
72;52087590;90;66;182;09.03.2023;прокачка;"АО ""НТС"""
73;75115014;101;68;183;09.03.2023;Прикрытие;"АО ""НТС"""
74;53868428;106;66;183;09.03.2023;Прикрытие;"АО ""НТС"""
75;73092686;90;66;184;10.03.2023;Прикрытие;"АО ""НТС"""
76;51402006;66;65;184;10.03.2023;Прикрытие;"АО ""НТС"""
77;75044768;101;68;185;10.03.2023;Прикрытие;"АО ""НТС"""
78;51411452;66;65;185;10.03.2023;Прикрытие;"АО ""НТС"""
79;75136143;66;66;185;10.03.2023;нет акта годности;"АО ""НТС"""
80;75107706;101;68;185;10.03.2023;выбита спиральная пружина;"АО ""НТС"""
81;73971681;66;66;186;11.03.2023;Прикрытие;"АО ""НТС"""
82;75046342;66;66;186;11.03.2023;Прикрытие;"АО ""НТС"""
83;50624162;66;68;186;11.03.2023;выбита спиральная пружина;РН-Транс
84;57226987;66;66;187;11.03.2023;Прикрытие;"АО ""НТС"""
85;51995967;66;66;187;11.03.2023;Прикрытие;НефтеТрансСервис
86;51100097;72;66;187;11.03.2023;Тонкий гребень;"АО ""НТС"""
87;57157448;90;66;187;11.03.2023;Тонкий гребень;"АО ""НТС"""
88;51456408;66;65;187;11.03.2023;до ремонта 27 дней;"АО ""НТС"""
89;51632172;72;67;187;11.03.2023;Слетел трос;"АО ""НТС"""
90;51554806;72;66;188;11.03.2023;Прикрытие;"АО ""НТС"""
91;54755574;66;66;188;11.03.2023;Прикрытие;"АО ""НТС"""
92;75056978;101;68;188;11.03.2023;обрыв тяги;"АО ""НТС"""
93;54252960;106;66;189;12.03.2023;Прикрытие;"АО ""НТС"""
94;73055519;90;66;189;12.03.2023;Прикрытие;"АО ""НТС"""
95;57440562;66;66;189;12.03.2023;Прикрытие;
96;50963669;66;68;189;12.03.2023;Выщербина;"АО ""НТС"""
97;73917817;106;66;189;12.03.2023;нет мостика;"АО ""НТС"""
98;51526408;62;66;189;12.03.2023;прокачка;"АО ""НТС"""
99;50079623;90;66;190;12.03.2023;Прикрытие;"АО ""НТС"""
100;50582535;62;60;190;12.03.2023;Прикрытие;ЭКЗА
101;51158434;62;60;190;12.03.2023;Не обработан под налив;РН-Транс
102;54252598;106;66;190;12.03.2023;Не обработан под налив;"АО ""НТС"""
103;50049444;62;60;190;12.03.2023;отсутствие сведений о ремонте;РН-Транс
104;56728496;106;66;191;13.03.2023;Прикрытие;"АО ""НТС"""
105;73288383;90;66;191;13.03.2023;Прикрытие;"АО ""НТС"""
106;74916149;106;66;191;13.03.2023;Слетел трос;"АО ""НТС"""
107;51580546;81;65;192;13.03.2023;Прикрытие;РН-Транс
108;51542611;81;65;192;13.03.2023;Прикрытие;РН-Транс
109;57297079;106;66;193;14.03.2023;Прикрытие;"АО ""НТС"""
110;74925082;101;68;193;14.03.2023;Прикрытие;"АО ""НТС"""
111;73917817;106;66;193;14.03.2023;В ремонт;"АО ""НТС"""
112;75056978;101;68;193;14.03.2023;В ремонт;"АО ""НТС"""
113;73055519;90;66;193;14.03.2023;нет мостика;"АО ""НТС"""
114;57156143;90;66;193;14.03.2023;прокачка;"АО ""НТС"""
115;57320871;106;66;194;14.03.2023;Прикрытие;"АО ""НТС"""
116;73007361;90;66;194;14.03.2023;Прикрытие;"АО ""НТС"""
117;57297079;106;66;195;14.03.2023;Прикрытие;"АО ""НТС"""
118;74925082;101;68;195;14.03.2023;Прикрытие;"АО ""НТС"""
119;57297079;106;66;196;15.03.2023;Прикрытие;"АО ""НТС"""
120;74925082;101;68;196;15.03.2023;Прикрытие;"АО ""НТС"""
121;58148289;66;66;196;15.03.2023;прокачка;"АО ""НТС"""
122;51101830;62;68,5;197;15.03.2023;Прикрытие;"АО ""НТС"""
123;55946636;106;66;197;15.03.2023;Прикрытие;"АО ""НТС"""
124;75117085;101;68;197;15.03.2023;Зазор погл.аппарата;"АО ""НТС"""
125;75107706;101;68;197;15.03.2023;выбита спиральная пружина;"АО ""НТС"""
126;53962379;72;66;197;15.03.2023;акт под ДТ;ТРАНСОЙЛ
127;73973752;66;66;198;15.03.2023;Прикрытие;"АО ""НТС"""
128;50630482;66;68;198;15.03.2023;Прикрытие;"АО ""НТС"""
129;51101830;62;68,5;199;16.03.2023;Прикрытие;"АО ""НТС"""
130;55946636;106;66;199;16.03.2023;Прикрытие;"АО ""НТС"""
131;51175602;66;68;199;16.03.2023;Прикрытие;РН-Транс
132;57342156;90;66;200;16.03.2023;Прикрытие;"АО ""НТС"""
133;51107555;66;68;200;16.03.2023;Прикрытие;"АО ""НТС"""
134;50132059;66;66;200;16.03.2023;Неравномерный прокат;"АО ""НТС"""
135;50582584;62;60;200;16.03.2023;Выбита спиральная пружина;ЭКЗА
136;75057463;101;68;201;17.03.2023;Прикрытие;"АО ""НТС"""
137;57333635;90;66;201;17.03.2023;Прикрытие;"АО ""НТС"""
138;55027387;66;66;202;17.03.2023;Прикрытие;"АО ""НТС"""
139;50357672;85;66;202;17.03.2023;Прикрытие;"АО ""НТС"""
140;51761674;62;66;203;17.03.2023;Прикрытие;"АО ""НТС"""
141;73573081;90;66;203;17.03.2023;Прикрытие;"АО ""НТС"""
142;55027387;66;66;204;18.03.2023;Прикрытие;"АО ""НТС"""
143;50357672;85;66;204;18.03.2023;Прикрытие;"АО ""НТС"""
144;73241580;90;66;205;18.03.2023;Прикрытие;"АО ""НТС"""
145;52119096;90;66;205;18.03.2023;Прикрытие;"АО ""НТС"""
146;73978637;66;66;205;18.03.2023;Выщербина обода колеса;"АО ""НТС"""
147;57227530;66;66;206;18.03.2023;Прикрытие;"АО ""НТС"""
148;51787588;86;66;206;18.03.2023;Прикрытие;ТРАНСОЙЛ
149;51580546;81;65;207;19.03.2023;Прикрытие;РН-Транс
150;50359553;85;66;207;19.03.2023;Прикрытие;"АО ""НТС"""
151;75107706;101;68;207;19.03.2023;выбита спиральная пружина;"АО ""НТС"""
152;57177248;106;66;208;19.03.2023;Прикрытие;"АО ""НТС"""
153;75123208;101;68;208;19.03.2023;Прикрытие;"АО ""НТС"""
154;50076769;66;66;209;20.03.2023;Прикрытие;"АО ""НТС"""
155;57414971;106;66;209;20.03.2023;Прикрытие;"АО ""НТС"""
156;57177248;106;66;210;20.03.2023;Прикрытие;"АО ""НТС"""
157;75123208;101;68;210;20.03.2023;Прикрытие;"АО ""НТС"""
158;50553569;66;68;210;20.03.2023;Выщербина обода колеса;"АО ""ННК"""
159;75009456;106;66;211;20.03.2023;Прикрытие;"АО ""НТС"""
160;50064583;69;66;211;20.03.2023;Прикрытие;"АО ""НТС"""
161;73926867;106;66;212;21.03.2023;Прикрытие;ТРАНСОЙЛ
162;50077726;90;66;212;21.03.2023;Прикрытие;ТРАНСОЙЛ
163;57381840;66;66;213;21.03.2023;Прикрытие;"АО ""НТС"""
164;74984881;106;66;213;21.03.2023;Прикрытие;"АО ""НТС"""
165;50629831;62;67;213;21.03.2023;Раковина боковой рамы;РН-Транс
166;50600865;66;68;214;21.03.2023;Прикрытие;"АО ""НТС"""
167;56735194;106;66;214;21.03.2023;Прикрытие;"АО ""НТС"""
168;75052936;106;66;214;21.03.2023;исправление ком.неисправности;"АО ""НТС"""
169;73035107;62;66;215;22.03.2023;Прикрытие;"АО ""НТС"""
170;58644642;90;66;215;22.03.2023;Прикрытие;"АО ""НТС"""
171;50761857;62;66;215;22.03.2023;Раковина боковой рамы;"АО ""НТС"""
172;57341869;90;66;216;23.03.2023;Прикрытие;"АО ""НТС"""
173;51174928;66;68;216;23.03.2023;Прикрытие;"АО ""НТС"""
174;51617967;72;66;216;23.03.2023;Выщербина обода колеса;"АО ""НТС"""
175;57342073;90;66;217;23.03.2023;Прикрытие;"АО ""НТС"""
176;54068846;66;66;217;23.03.2023;Прикрытие;"АО ""НТС"""
177;57429763;66;66;217;23.03.2023;текущий ремонт;"АО ""НТС"""
178;51605681;62;66;217;23.03.2023;Выщербина обода колеса;"АО ""НТС"""
179;75044677;106;66;217;23.03.2023;Выщербина обода колеса;"АО ""НТС"""
180;50357953;85;66;218;23.03.2023;Прикрытие;"АО ""НТС"""
181;55561963;106;66;218;23.03.2023;Прикрытие;"АО ""НТС"""
182;50124817;106;66;218;23.03.2023;Оторван кронштейн кольцевого крана;"АО ""НТС"""
183;50383090;106;66;219;24.03.2023;Прикрытие;"АО ""НТС"""
184;75061531;106;66;219;24.03.2023;Прикрытие;"АО ""НТС"""
185;54695267;90;66;220;24.03.2023;Прикрытие;"АО ""НТС"""
186;73089153;90;66;220;24.03.2023;Прикрытие;"АО ""НТС"""
187;53882460;106;66;220;24.03.2023;Прикрытие;"АО ""НТС"""
188;57410003;90;66;221;24.03.2023;Прикрытие;"АО ""НТС"""
189;51616563;66;66;221;24.03.2023;Прикрытие;"АО ""НТС"""
190;50334283;66;66;221;24.03.2023;Раковина боковой рамы;"АО ""НТС"""
191;52084290;90;66;222;25.03.2023;Прикрытие;"АО ""НТС"""
192;51885762;106;66;222;25.03.2023;Прикрытие;"АО ""НТС"""
193;75012518;66;66;222;25.03.2023;Прикрытие;"АО ""НТС"""
194;73024044;90;66;223;25.03.2023;Прикрытие;"АО ""НТС"""
195;75054049;106;66;223;25.03.2023;Прикрытие;"АО ""НТС"""
196;50357953;85;66;224;25.03.2023;Прикрытие;"АО ""НТС"""
197;55561963;106;66;224;25.03.2023;Прикрытие;"АО ""НТС"""
198;73954273;92;66;224;25.03.2023;трещина запасного рез-ра;"АО ""НТС"""
199;50624303;66;68;224;25.03.2023;прокачка;РН-Транс
200;73972275;66;66;225;26.03.2023;Прикрытие;"АО ""НТС"""
201;50163922;90;66;225;26.03.2023;Прикрытие;"АО ""НТС"""
202;50764794;66;68;225;26.03.2023;Выбита спиральная пружина;"АО ""НТС"""
203;51129831;62;68,5;226;26.03.2023;Прикрытие;РН-Транс
204;50437805;90;66;226;26.03.2023;Прикрытие;
205;51221505;62;60;226;26.03.2023;излом спиральной пружины;РН-Транс
206;73024044;90;66;227;27.03.2023;Прикрытие;"АО ""НТС"""
207;75054049;106;66;227;27.03.2023;Прикрытие;"АО ""НТС"""
208;50629831;62;67;228;27.03.2023;Прикрытие;РН-Транс
209;55947311;106;66;228;27.03.2023;Прикрытие;"АО ""НТС"""
210;51546281;72;65;229;28.03.2023;Прикрытие;РН-Транс
211;50623727;66;68;229;28.03.2023;Прикрытие;РН-Транс
212;51460251;72;66;230;29.03.2023;Прикрытие;"АО ""НТС"""
213;57340804;90;66;230;29.03.2023;Прикрытие;"АО ""НТС"""
214;50582741;62;60;231;29.03.2023;Прикрытие;ЭКЗА
215;75008656;106;66;231;29.03.2023;Прикрытие;"АО ""НТС"""
216;51158608;66;68;231;29.03.2023;выщербина;РН-Транс
217;54714415;106;66;231;29.03.2023;Тонкий гребень;"АО ""НТС"""
218;50167774;90;66;232;29.03.2023;Прикрытие;"АО ""НТС"""
219;73178485;90;66;232;29.03.2023;Прикрытие;"АО ""НТС"""
220;75046987;66;66;232;29.03.2023;Тонкий гребень;"АО ""НТС"""
221;51031151;62;68,5;232;29.03.2023;Тонкий гребень;Оренбургнефтепродук
222;50913169;66;66;232;29.03.2023;выщербина;"АО ""НТС"""
223;50553569;66;68;233;30.03.2023;Прикрытие;РН-Транс
224;50334283;66;66;233;30.03.2023;Прикрытие;"АО ""НТС"""
225;51034283;62;60;233;30.03.2023;прокачка;РН-Транс
226;51296069;79;66;234;31.03.2023;Прикрытие;
227;50167774;90;66;234;31.03.2023;Прикрытие;"АО ""НТС"""
228;73178485;90;66;234;31.03.2023;Прикрытие;"АО ""НТС"""
229;73091027;90;66;234;31.03.2023;не оформлен под налив ;"АО ""НТС"""
230;55053532;90;66;234;31.03.2023;не оформлен под налив ;"АО ""НТС"""
231;50334853;66;66;235;31.03.2023;Прикрытие;"АО ""НТС"""
232;73287484;90;66;235;31.03.2023;Прикрытие;"АО ""НТС"""
233;75123273;101;68;236;31.03.2023;Прикрытие;"АО ""НТС"""
234;75085704;66;66;236;31.03.2023;Прикрытие;"АО ""НТС"""
1;50651900;66;68;237;01.04.2023;ПРИКРЫТИЕ;РН-ТРАНС
2;57030553;66;66;237;01.04.2023;ПРИКРЫТИЕ;"АО ""НТС"""
3;73964603;92;66;237;01.04.2023;излом спиральной пружины;"АО ""НТС"""
4;73307381;90;66;237;01.04.2023;излом спиральной пружины;"АО ""НТС"""
5;51880508;106;66;238;01.04.2023;ПРИКРЫТИЕ;"АО ""НТС"""
6;51119451;66;68;238;01.04.2023;ПРИКРЫТИЕ;"АО ""НТС"""
7;75107706;101;68;238;01.04.2023;Выбита спиральная пружина;"АО ""НТС"""
8;50602861;66;68;239;02.04.2023;ПРИКРЫТИЕ;"АО ""НТС"""
9;57115735;106;66;239;02.04.2023;ПРИКРЫТИЕ;"АО ""НТС"""
10;73967614;106;66;240;02.04.2023;ПРИКРЫТИЕ;"АО ""НТС"""
11;75101105;101;68;240;02.04.2023;ПРИКРЫТИЕ;"АО ""НТС"""
12;57295511;90;66;241;03.04.2023;ПРИКРЫТИЕ;"АО ""НТС"""
13;54681796;66;66;241;03.04.2023;ПРИКРЫТИЕ;"АО ""НТС"""
14;51596575;86;66;242;03.04.2023;ПРИКРЫТИЕ;"АО ""НТС"""
15;74916644;106;66;242;03.04.2023;ПРИКРЫТИЕ;"АО ""НТС"""
16;55550255;106;66;242;03.04.2023;Выбита спиральная пружина;"АО ""НТС"""
17;75045906;106;66;242;03.04.2023;истек срок службы;"АО ""НТС"""
18;75127373;101;68;243;04.04.2023;ПРИКРЫТИЕ;"АО ""НТС"""
19;51880250;106;66;243;04.04.2023;ПРИКРЫТИЕ;"АО ""НТС"""
20;51220044;62;60;243;04.04.2023;трещина запас.рез-ра;АНХК
21;55055297;106;66;243;04.04.2023;завар башмака;"АО ""НТС"""
22;51739241;62;66;244;04.04.2023;ПРИКРЫТИЕ;"АО ""НТС"""
23;54253265;106;66;244;04.04.2023;ПРИКРЫТИЕ;"АО ""НТС"""
24;75102681;92;66;245;04.04.2023;ПРИКРЫТИЕ;"АО ""НТС"""
25;50047133;66;66;245;04.04.2023;ПРИКРЫТИЕ;"АО ""НТС"""
26;51374437;79;66;246;05.04.2023;ПРИКРЫТИЕ;"АО ""НТС"""
27;73060329;90;66;246;05.04.2023;ПРИКРЫТИЕ;"АО ""НТС"""
28;51096691;86;65;246;05.04.2023;просточен срок службы детали;"АО ""НТС"""
29;57120784;106;66;247;05.04.2023;ПРИКРЫТИЕ;"АО ""НТС"""
30;51220523;62;60;247;05.04.2023;ПРИКРЫТИЕ;Ангарский з-д полимеров
31;73972408;66;66;247;05.04.2023;Излом рычагов ТРП;"АО ""НТС"""
32;50294529;66;66;247;05.04.2023;трещина запас.рез-ра;"АО ""НТС"""
33;54681929;66;66;248;06.04.2023;ПРИКРЫТИЕ;"АО ""НТС"""
34;75091389;106;66;248;06.04.2023;ПРИКРЫТИЕ;"АО ""НТС"""
35;57017212;101;68;249;06.04.2023;ПРИКРЫТИЕ;"АО ""НТС"""
36;51852903;90;66;249;06.04.2023;ПРИКРЫТИЕ;"АО ""НТС"""
37;50438464;90;66;250;07.04.2023;ПРИКРЫТИЕ;"АО ""НТС"""
38;50175728;66;66;250;07.04.2023;ПРИКРЫТИЕ;"АО ""НТС"""
39;58641341;106;66;251;07.04.2023;ПРИКРЫТИЕ;"АО ""НТС"""
40;57203622;90;66;251;07.04.2023;ПРИКРЫТИЕ;"АО ""НТС"""
41;57017212;101;68;252;08.04.2023;ПРИКРЫТИЕ;"АО ""НТС"""
42;51852903;90;66;252;08.04.2023;ПРИКРЫТИЕ;"АО ""НТС"""
43;57145500;72;66;252;08.04.2023;Тонкий гребень;"АО ""НТС"""
44;53985081;72;66;252;08.04.2023;Выщербина обода колеса;"АО ""НТС"""
45;74908062;106;66;253;08.04.2023;ПРИКРЫТИЕ;"АО ""НТС"""
46;75120139;106;66;253;08.04.2023;ПРИКРЫТИЕ;"АО ""НТС"""
47;51215077;66;68;253;08.04.2023;нет ву-20;анхк
48;52094794;90;66;253;08.04.2023;Тонкий гребень;"АО ""НТС"""
49;51034056;62;60;253;08.04.2023;Выщербина обода колеса;оренбургнефть
50;50553643;66;68;253;08.04.2023;повторная обработка;ннк
51;51840791;92;66;254;08.04.2023;ПРИКРЫТИЕ;"АО ""НТС"""
52;57210551;92;66;254;08.04.2023;ПРИКРЫТИЕ;"АО ""НТС"""
53;58293986;106;66;254;08.04.2023;ПРИКРЫТИЕ;"АО ""НТС"""
54;73100125;90;66;255;08.04.2023;ПРИКРЫТИЕ;"АО ""НТС"""
55;51219855;62;60;255;08.04.2023;ПРИКРЫТИЕ;РН-ТРАНС
56;54636428;92;66;255;08.04.2023;Выщербина обода колеса;"АО ""НТС"""
57;75121707;106;66;255;08.04.2023;Выщербина обода колеса;"АО ""НТС"""
58;50652247;66;68;255;08.04.2023;нет н/з на данный вагон;РН-ТРАНС
59;73981201;66;66;256;09.04.2023;ПРИКРЫТИЕ;"АО ""НТС"""
60;75013771;66;65;256;09.04.2023;ПРИКРЫТИЕ;"АО ""НТС"""
61;52116795;90;66;256;09.04.2023;Нет ВУ-20;"АО ""НТС"""
62;57234874;66;66;257;10.04.2023;ПРИКРЫТИЕ;НефтеТрансСервис
63;54614052;66;66;257;10.04.2023;ПРИКРЫТИЕ;НефтеТрансСервис
64;55052393;90;66;258;10.04.2023;ПРИКРЫТИЕ;"АО ""НТС"""
65;58642349;106;66;258;10.04.2023;ПРИКРЫТИЕ;"АО ""НТС"""
66;73060329;90;66;259;10.04.2023;ПРИКРЫТИЕ;"АО ""НТС"""
67;73310088;90;66;259;10.04.2023;ПРИКРЫТИЕ;"АО ""НТС"""
68;50651801;66;68;260;11.04.2023;ПРИКРЫТИЕ;"АО ""НТС"""
69;50629617;62;67;260;11.04.2023;ПРИКРЫТИЕ;РН-ТРАНС
70;50644996;72;66;260;11.04.2023;Выщербина обода колеса;"АО ""НТС"""
71;58295973;72;60;260;11.04.2023;Тонкий гребень;"АО ""НТС"""
72;75138909;106;66;260;11.04.2023;Тонкий гребень;"АО ""НТС"""
73;51215077;66;68;260;11.04.2023;потекла;РН-ТРАНС
74;73907073;66;66;261;11.04.2023;ПРИКРЫТИЕ;"АО ""НТС"""
75;53254603;66;66;261;11.04.2023;ПРИКРЫТИЕ;"АО ""НТС"""
76;54712179;106;66;262;12.04.2023;ПРИКРЫТИЕ;"АО ""НТС"""
77;57429664;66;66;262;12.04.2023;ПРИКРЫТИЕ;"АО ""НТС"""
78;51220044;62;60;262;12.04.2023;НЕ ОФОРМЛЕН ;АНХК
79;73966111;106;66;263;12.04.2023;ПРИКРЫТИЕ;"АО ""НТС"""
80;73100125;90;66;263;12.04.2023;ПРИКРЫТИЕ;"АО ""НТС"""
81;73923963;92;66;263;12.04.2023;Тонкий гребень;"АО ""НТС"""
82;53973251;86;66;264;13.04.2023;ПРИКРЫТИЕ;"АО ""НТС"""
83;53957502;72;66;264;13.04.2023;ПРИКРЫТИЕ;"АО ""НТС"""
84;74936238;92;66;264;13.04.2023;износ фрикционного клина;"АО ""НТС"""
85;73059917;90;66;265;13.04.2023;ПРИКРЫТИЕ;"АО ""НТС"""
86;58293929;106;66;265;13.04.2023;ПРИКРЫТИЕ;"АО ""НТС"""
87;50445006;85;66;266;14.04.2023;ПРИКРЫТИЕ;"АО ""НТС"""
88;75011874;66;66;266;14.04.2023;ПРИКРЫТИЕ;"АО ""НТС"""
89;57072753;106;66;267;14.04.2023;ПРИКРЫТИЕ;"АО ""НТС"""
90;54726385;92;66;267;14.04.2023;ПРИКРЫТИЕ;"АО ""НТС"""
91;75056978;101;68;267;14.04.2023;НЕ ОБРАБОТАН;"АО ""НТС"""
94;51633402;66;66;268;15.04.2023;ПРИКРЫТИЕ;"АО ""НТС"""
95;57014573;86;66;268;15.04.2023;ПРИКРЫТИЕ;"АО ""НТС"""
96;50630375;106;67;269;15.04.2023;ПРИКРЫТИЕ;РН-ТРАНС
97;57058281;106;66;269;15.04.2023;ПРИКРЫТИЕ;"АО ""НТС"""
98;51794576;86;66;270;16.04.2023;ПРИКРЫТИЕ;"АО ""НТС"""
99;73966244;106;66;270;16.04.2023;ПРИКРЫТИЕ;"АО ""НТС"""
100;50563352;66;68;271;16.04.2023;ПРИКРЫТИЕ;
101;75119750;106;66;271;16.04.2023;ПРИКРЫТИЕ;"АО ""НТС"""
102;75093963;101;68;271;16.04.2023;Тонкий гребень;"АО ""НТС"""
103;50069855;106;66;271;16.04.2023;Тонкий гребень;"АО ""НТС"""
104;54570411;66;66;272;16.04.2023;ПРИКРЫТИЕ;НТС
105;51547506;72;65;272;16.04.2023;ПРИКРЫТИЕ;РН-ТРАНС
106;50140136;66;68;273;17.04.2023;ПРИКРЫТИЕ;"АО ""НТС"""
107;73540585;90;66;273;17.04.2023;ПРИКРЫТИЕ;"АО ""НТС"""
108;50563352;66;68;274;17.04.2023;ПРИКРЫТИЕ;
109;75119750;106;66;274;17.04.2023;ПРИКРЫТИЕ;"АО ""НТС"""
110;51573087;72;66;274;17.04.2023;Не обработана под налив;"АО ""НТС"""
111;53927414;85;65;275;17.04.2023;ПРИКРЫТИЕ;РН-ТРАНС
112;50334283;66;66;275;17.04.2023;ПРИКРЫТИЕ;"АО ""НТС"""
113;50049444;62;60;275;17.04.2023;Не соответствие акта годности;РН-ТРАНС
114;75085662;66;66;276;18.04.2023;ПРИКРЫТИЕ;"АО ""НТС"""
115;51542694;66;65;276;18.04.2023;ПРИКРЫТИЕ;"АО ""НТС"""
116;54703590;106;66;277;18.04.2023;ПРИКРЫТИЕ;"АО ""НТС"""
117;74931189;106;66;277;18.04.2023;ПРИКРЫТИЕ;"АО ""НТС"""
118;57206559;92;66;277;18.04.2023;Тонкий гребень;"АО ""НТС"""
119;51794576;86;66;278;19.04.2023;ПРИКРЫТИЕ;"АО ""НТС"""
120;73966244;106;66;278;19.04.2023;ПРИКРЫТИЕ;"АО ""НТС"""
121;50101559;106;66;278;19.04.2023;ПРИКРЫТИЕ;"АО ""НТС"""
122;57408825;106;66;278;19.04.2023;Выбита спиральная пружина;"АО ""НТС"""
123;58293135;106;66;279;19.04.2023;ПРИКРЫТИЕ;"АО ""НТС"""
124;75096925;106;66;279;19.04.2023;ПРИКРЫТИЕ;"АО ""НТС"""
125;58275223;90;66;279;19.04.2023;Тонкий гребень;"АО ""НТС"""
126;51447308;72;66;280;20.04.2023;ПРИКРЫТИЕ;
127;74921677;106;66;280;20.04.2023;ПРИКРЫТИЕ;"АО ""НТС"""
128;75100123;101;68;280;20.04.2023;Тонкий гребень;"АО ""НТС"""
129;75089920;92;66;280;20.04.2023;Тонкий гребень;"АО ""НТС"""
130;55947113;106;66;280;20.04.2023;Тонкий гребень;"АО ""НТС"""
131;50938570;90;66;281;20.04.2023;ПРИКРЫТИЕ;"АО ""НТС"""
132;51180677;66;68;281;20.04.2023;ПРИКРЫТИЕ;"АО ""НТС"""
133;73099368;90;66;281;20.04.2023;Выбита спиральная пружина;"АО ""НТС"""
134;57429763;66;66;281;20.04.2023;Нет ВУ-20;"АО ""НТС"""
135;75096925;106;66;282;20.04.2023;ПРИКРЫТИЕ;"АО ""НТС"""
136;54691431;66;66;282;20.04.2023;ПРИКРЫТИЕ;"АО ""НТС"""
137;51459279;66;65;282;20.04.2023;Выбита спиральная пружина;"АО ""НТС"""
138;73966244;106;66;283;21.04.2023;ПРИКРЫТИЕ;"АО ""НТС"""
139;50101559;106;66;283;21.04.2023;ПРИКРЫТИЕ;"АО ""НТС"""
140;57320376;62;60;283;21.04.2023;Тонкий гребень;"АО ""НТС"""
141;51542983;81;65;284;22.04.2023;ПРИКРЫТИЕ;РН-ТРАНС
142;51579548;86;65;284;22.04.2023;ПРИКРЫТИЕ;РН-ТРАНС
143;50929454;90;66;285;22.04.2023;ПРИКРЫТИЕ;"АО ""НТС"""
144;57409880;90;66;285;22.04.2023;ПРИКРЫТИЕ;"АО ""НТС"""
145;50553916;66;68;286;22.04.2023;ПРИКРЫТИЕ;"АО""ННК"""
146;52094794;90;66;286;22.04.2023;ПРИКРЫТИЕ;"АО ""НТС"""
147;51456739;66;65;287;23.04.2023;ПРИКРЫТИЕ;"АО ""НТС"""
148;55551477;106;66;287;23.04.2023;ПРИКРЫТИЕ;"АО ""НТС"""
149;57172132;90;66;287;23.04.2023;Излом центральной балочки;"АО ""НТС"""
150;57631293;66;66;288;23.04.2023;ПРИКРЫТИЕ;"АО ""НТС"""
151;51157865;62;68,5;288;23.04.2023;ПРИКРЫТИЕ;РН-ТРАНС
152;50563352;66;68;289;24.04.2023;ПРИКРЫТИЕ;
153;51721629;72;66;289;24.04.2023;ПРИКРЫТИЕ;"АО ""НТС"""
154;51151710;62;60;289;24.04.2023;АКТ ПОД Д/Т;"АО ""НТС"""
155;73263386;90;66;290;24.04.2023;ПРИКРЫТИЕ;ТРАНСОЙЛ
156;75050211;66;66;290;24.04.2023;ПРИКРЫТИЕ;"АО ""НТС"""
157;51456739;66;65;291;24.04.2023;ПРИКРЫТИЕ;"АО ""НТС"""
158;55551477;106;66;291;24.04.2023;ПРИКРЫТИЕ;"АО ""НТС"""
159;57220931;66;66;291;24.04.2023;завышение фрикционного клина;"АО ""НТС"""
160;53855870;106;66;292;25.04.2023;ПРИКРЫТИЕ;"АО ""НТС"""
161;57205767;92;66;292;25.04.2023;ПРИКРЫТИЕ;"АО ""НТС"""
162;73326381;90;66;293;25.04.2023;ПРИКРЫТИЕ;"АО ""НТС"""
163;75116988;101;68;293;25.04.2023;ПРИКРЫТИЕ;"АО ""НТС"""
164;57234957;106;66;293;25.04.2023;Тонкий гребень;"АО ""НТС"""
165;57205890;92;66;293;25.04.2023;подножка;"АО ""НТС"""
166;53877155;66;66;294;26.04.2023;ПРИКРЫТИЕ;"АО ""НТС"""
167;51888683;106;66;294;26.04.2023;ПРИКРЫТИЕ;"АО ""НТС"""
168;50644715;62;66;295;26.04.2023;ПРИКРЫТИЕ;"АО ""НТС"""
169;51466449;62;66;295;26.04.2023;ПРИКРЫТИЕ;"АО ""НТС"""
170;75116988;101;68;296;27.04.2023;ПРИКРЫТИЕ;"АО ""НТС"""
171;57205890;92;66;296;27.04.2023;ПРИКРЫТИЕ;"АО ""НТС"""
